sdk:setup|6255
sdk:setup|25415
sdk:setup|25420
sdk:setup|6340
sdk:setup|6764
sdk:setup|25034
sdk:setup|24656
sdk:setup|5752
sdk:setup|44703
sdk:setup|5574
sdk:setup|3652
sdk:setup|4619
sdk:setup|4540
sdk:setup|24499
sdk:setup|6394
sdk:setup|6333
sdk:setup|6134
sdk:setup|24612
sdk:setup|24623
sdk:setup|24703
sdk:setup|44884
sdk:setup|6221
sdk:setup|6051
sdk:setup|6227
sdk:setup|5281
sdk:setup|6128
sdk:setup|24877
sdk:setup|24507
sdk:setup|24818
sdk:setup|24858
sdk:setup|24809
sdk:setup|4213
sdk:setup|6368
sdk:setup|24994
sdk:setup|6433
sdk:setup|24954
sdk:setup|6070
sdk:setup|6060
sdk:setup|24794
sdk:setup|5785
sdk:setup|3744
sdk:setup|24508
